time_stamp,time_index,same_time_count,time,period,adj_time,away,home,total,play,player,fg_makes,fg_misses,3_makes,3_misses,ft_makes,ft_misses,points,team
4 48.0 97 106 1,4 48.0 97 106,1,1900-01-01 00:00:48,4,0 days 00:47:12,97,106,203,Duncan Robinson shooting foul,,,,,,,,,
4 57.3 97 106 1,4 57.3 97 106,1,1900-01-01 00:00:57,4,0 days 00:47:03,97,106,203,Andre Drummond defensive rebound,,,,,,,,,
4 59.5 97 106 1,4 59.5 97 106,1,1900-01-01 00:00:59,4,0 days 00:47:01,97,106,203,Bam Adebayo makes shot (Jimmy Butler assists),Bam Adebayo,1,,,,,,2,Miami Heat
4 1:08 97 104 1,4 1:08 97 104,1,1900-01-01 00:01:08,4,0 days 00:46:52,97,104,201,Andre Iguodala defensive rebound,,,,,,,,,
4 1:11 97 104 1,4 1:11 97 104,1,1900-01-01 00:01:11,4,0 days 00:46:49,97,104,201,Andre Drummond misses shot,Andre Drummond,,,,,,,,
4 1:24 97 104 1,4 1:24 97 104,1,1900-01-01 00:01:24,4,0 days 00:46:36,97,104,201,Andre Iguodala offensive foul,,,,,,,,,
4 1:36 97 104 1,4 1:36 97 104,1,1900-01-01 00:01:36,4,0 days 00:46:24,97,104,201,Wesley Matthews makes 23-foot three point jumper (Kentavious Caldwell-Pope assists),Wesley Matthews,,,1,,,,3,Los Angeles Lakers
4 1:47 94 104 1,4 1:47 94 104,1,1900-01-01 00:01:47,4,0 days 00:46:13,94,104,198,Tyler Herro turnover,,,,,,,,,
4 1:53 94 104 1,4 1:53 94 104,1,1900-01-01 00:01:53,4,0 days 00:46:07,94,104,198,Bam Adebayo offensive rebound,,,,,,,,,
4 1:58 94 104 1,4 1:58 94 104,1,1900-01-01 00:01:58,4,0 days 00:46:02,94,104,198,Bam Adebayo misses shot,Bam Adebayo,,,,,,,,
4 2:14 94 104 1,4 2:14 94 104,1,1900-01-01 00:02:14,4,0 days 00:45:46,94,104,198,Jimmy Butler makes technical free throw,Jimmy Butler,,,,,1,,1,
4 2:14 94 103 1,4 2:14 94 103,1,1900-01-01 00:02:14,4,0 days 00:45:46,94,103,197,Jimmy Butler makes technical free throw,Jimmy Butler,,,,,1,,1,
4 2:14 94 102 1,4 2:14 94 102,1,1900-01-01 00:02:14,4,0 days 00:45:46,94,102,196,Bam Adebayo defensive rebound,,,,,,,,,
4 2:16 94 102 1,4 2:16 94 102,1,1900-01-01 00:02:16,4,0 days 00:45:44,94,102,196,Markieff Morris misses shot,Markieff Morris,,,,,,,,
4 2:24 94 102 1,4 2:24 94 102,1,1900-01-01 00:02:24,4,0 days 00:45:36,94,102,196,Lakers offensive team rebound,,,,,,,,,
4 2:25 94 102 1,4 2:25 94 102,1,1900-01-01 00:02:25,4,0 days 00:45:35,94,102,196,Kentavious Caldwell-Pope misses 24-foot three point jumper,Kentavious Caldwell-Pope,,,,1,,,,
4 2:49 94 102 1,4 2:49 94 102,1,1900-01-01 00:02:49,4,0 days 00:45:11,94,102,196,Duncan Robinson makes 26-foot three point jumper (Bam Adebayo assists),Duncan Robinson,,,1,,,,3,Miami Heat
4 3:02 94 99 1,4 3:02 94 99,1,1900-01-01 00:03:02,4,0 days 00:44:58,94,99,193,Tyler Herro defensive rebound,,,,,,,,,
4 3:05 94 99 1,4 3:05 94 99,1,1900-01-01 00:03:05,4,0 days 00:44:55,94,99,193,Markieff Morris misses 24-foot three point jumper,Markieff Morris,,,,1,,,,
4 3:06 94 99 1,4 3:06 94 99,1,1900-01-01 00:03:06,4,0 days 00:44:54,94,99,193,Andre Drummond offensive rebound,,,,,,,,,
4 3:08 94 99 1,4 3:08 94 99,1,1900-01-01 00:03:08,4,0 days 00:44:52,94,99,193,Dennis Schroder misses driving floating jump shot,Dennis Schroder,,,,,,,,
4 3:21 94 99 1,4 3:21 94 99,1,1900-01-01 00:03:21,4,0 days 00:44:39,94,99,193,Duncan Robinson personal foul,,,,,,,,,
4 3:30 94 99 1,4 3:30 94 99,1,1900-01-01 00:03:30,4,0 days 00:44:30,94,99,193,Andre Drummond defensive rebound,,,,,,,,,
4 3:35 94 99 1,4 3:35 94 99,1,1900-01-01 00:03:35,4,0 days 00:44:25,94,99,193,Markieff Morris blocks Jimmy Butler 's 15-foot step back jumpshot,Jimmy Butler,,1,,,,,,
4 3:58 94 99 1,4 3:58 94 99,1,1900-01-01 00:03:58,4,0 days 00:44:02,94,99,193,Dennis Schroder makes driving layup,Dennis Schroder,1,,,,,,2,Los Angeles Lakers
4 4:08 92 99 1,4 4:08 92 99,1,1900-01-01 00:04:08,4,0 days 00:43:52,92,99,191,Lakers Full timeout,,,,,,,,,
4 4:10 92 99 1,4 4:10 92 99,1,1900-01-01 00:04:10,4,0 days 00:43:50,92,99,191,Tyler Herro makes 19-foot pullup jump shot,Tyler Herro,1,,,,,,2,Miami Heat
4 4:20 92 97 1,4 4:20 92 97,1,1900-01-01 00:04:20,4,0 days 00:43:40,92,97,189,Jimmy Butler defensive rebound,,,,,,,,,
4 4:23 92 97 1,4 4:23 92 97,1,1900-01-01 00:04:23,4,0 days 00:43:37,92,97,189,Markieff Morris misses 28-foot three point jumper,Markieff Morris,,,,1,,,,
4 4:46 92 97 1,4 4:46 92 97,1,1900-01-01 00:04:46,4,0 days 00:43:14,92,97,189,Jimmy Butler makes 19-foot pullup jump shot,Jimmy Butler,1,,,,,,2,Miami Heat
4 5:07 92 95 1,4 5:07 92 95,1,1900-01-01 00:05:07,4,0 days 00:42:53,92,95,187,Markieff Morris makes 26-foot three point jumper (Dennis Schroder assists),Markieff Morris,,,1,,,,3,Los Angeles Lakers
4 5:16 89 95 1,4 5:16 89 95,1,1900-01-01 00:05:16,4,0 days 00:42:44,89,95,184,Jimmy Butler turnover,,,,,,,,,
4 5:16 89 95 2,4 5:16 89 95,2,1900-01-01 00:05:16,4,0 days 00:42:44,89,95,184,Jimmy Butler offensive foul,,,,,,,,,
4 5:35 89 95 1,4 5:35 89 95,1,1900-01-01 00:05:35,4,0 days 00:42:25,89,95,184,Dennis Schroder enters the game for Wesley Matthews,,,,,,,,,
4 5:35 89 95 2,4 5:35 89 95,2,1900-01-01 00:05:35,4,0 days 00:42:25,89,95,184,Jimmy Butler enters the game for Victor Oladipo,,,,,,,,,
4 5:35 89 95 3,4 5:35 89 95,3,1900-01-01 00:05:35,4,0 days 00:42:25,89,95,184,Heat Full timeout,,,,,,,,,
4 5:35 89 95 4,4 5:35 89 95,4,1900-01-01 00:05:35,4,0 days 00:42:25,89,95,184,Kentavious Caldwell-Pope out of bounds lost ball turnover,,,,,,,,,
4 5:51 89 95 1,4 5:51 89 95,1,1900-01-01 00:05:51,4,0 days 00:42:09,89,95,184,Victor Oladipo makes 2-foot dunk (Bam Adebayo assists),Victor Oladipo,1,,,,,,2,Miami Heat
4 5:57 89 93 1,4 5:57 89 93,1,1900-01-01 00:05:57,4,0 days 00:42:03,89,93,182,Duncan Robinson makes technical free throw,Duncan Robinson,,,,,1,,1,
4 5:57 89 92 1,4 5:57 89 92,1,1900-01-01 00:05:57,4,0 days 00:42:03,89,92,181,"Markieff Morris defensive 3-seconds (technical foul)
",,,,,,,,,
4 6:10 89 92 1,4 6:10 89 92,1,1900-01-01 00:06:10,4,0 days 00:41:50,89,92,181,Heat Full timeout,,,,,,,,,
4 6:11 89 92 1,4 6:11 89 92,1,1900-01-01 00:06:11,4,0 days 00:41:49,89,92,181,Kentavious Caldwell-Pope makes 24-foot three point jumper (Alex Caruso assists),Kentavious Caldwell-Pope,,,1,,,,3,Los Angeles Lakers
4 6:23 86 92 1,4 6:23 86 92,1,1900-01-01 00:06:23,4,0 days 00:41:37,86,92,178,Kentavious Caldwell-Pope defensive rebound,,,,,,,,,
4 6:28 86 92 1,4 6:28 86 92,1,1900-01-01 00:06:28,4,0 days 00:41:32,86,92,178,Andre Iguodala misses 26-foot three point jumper,Andre Iguodala,,,,1,,,,
4 6:36 86 92 1,4 6:36 86 92,1,1900-01-01 00:06:36,4,0 days 00:41:24,86,92,178,Victor Oladipo defensive rebound,,,,,,,,,
4 6:40 86 92 1,4 6:40 86 92,1,1900-01-01 00:06:40,4,0 days 00:41:20,86,92,178,Alex Caruso misses 27-foot three point jumper,Alex Caruso,,,,1,,,,
4 6:53 86 92 1,4 6:53 86 92,1,1900-01-01 00:06:53,4,0 days 00:41:07,86,92,178,Alex Caruso enters the game for Dennis Schroder,,,,,,,,,
4 6:53 86 92 2,4 6:53 86 92,2,1900-01-01 00:06:53,4,0 days 00:41:07,86,92,178,Duncan Robinson enters the game for Goran Dragic,,,,,,,,,
4 6:53 86 92 3,4 6:53 86 92,3,1900-01-01 00:06:53,4,0 days 00:41:07,86,92,178,shot clock turnover ,,,,,,,,,
4 7:18 86 92 1,4 7:18 86 92,1,1900-01-01 00:07:18,4,0 days 00:40:42,86,92,178,Dennis Schroder makes free throw 2 of 2,Dennis Schroder,,,,,1,,1,
4 7:18 85 92 1,4 7:18 85 92,1,1900-01-01 00:07:18,4,0 days 00:40:42,85,92,177,Victor Oladipo enters the game for Jimmy Butler,,,,,,,,,
4 7:18 85 92 2,4 7:18 85 92,2,1900-01-01 00:07:18,4,0 days 00:40:42,85,92,177,Bam Adebayo enters the game for Precious Achiuwa,,,,,,,,,
4 7:18 85 92 3,4 7:18 85 92,3,1900-01-01 00:07:18,4,0 days 00:40:42,85,92,177,Dennis Schroder makes free throw 1 of 2,Dennis Schroder,,,,,1,,1,
4 7:18 84 92 1,4 7:18 84 92,1,1900-01-01 00:07:18,4,0 days 00:40:42,84,92,176,Andre Iguodala shooting foul,,,,,,,,,
4 7:22 84 92 1,4 7:22 84 92,1,1900-01-01 00:07:22,4,0 days 00:40:38,84,92,176,Andre Iguodala bad pass (Kentavious Caldwell-Pope steals),,,,,,,,,
4 7:27 84 92 1,4 7:27 84 92,1,1900-01-01 00:07:27,4,0 days 00:40:33,84,92,176,Andre Drummond bad pass (Andre Iguodala steals),,,,,,,,,
4 7:42 84 92 1,4 7:42 84 92,1,1900-01-01 00:07:42,4,0 days 00:40:18,84,92,176,Andre Drummond defensive goaltending violation,,,,,,,,,
4 7:42 84 92 2,4 7:42 84 92,2,1900-01-01 00:07:42,4,0 days 00:40:18,84,92,176,Goran Dragic makes 3-foot layup (Jimmy Butler assists),Goran Dragic,1,,,,,,2,Miami Heat
4 8:00 84 90 1,4 8:00 84 90,1,1900-01-01 00:08:00,4,0 days 00:40:00,84,90,174,Goran Dragic defensive rebound,,,,,,,,,
4 8:04 84 90 1,4 8:04 84 90,1,1900-01-01 00:08:04,4,0 days 00:39:56,84,90,174,Dennis Schroder misses 27-foot three point jumper,Dennis Schroder,,,,1,,,,
4 8:24 84 90 1,4 8:24 84 90,1,1900-01-01 00:08:24,4,0 days 00:39:36,84,90,174,Andre Drummond defensive rebound,,,,,,,,,
4 8:27 84 90 1,4 8:27 84 90,1,1900-01-01 00:08:27,4,0 days 00:39:33,84,90,174,Precious Achiuwa misses free throw 2 of 2,Precious Achiuwa,,,,,,1,,
4 8:27 84 90 2,4 8:27 84 90,2,1900-01-01 00:08:27,4,0 days 00:39:33,84,90,174,Andre Drummond enters the game for Montrezl Harrell,,,,,,,,,
4 8:27 84 90 3,4 8:27 84 90,3,1900-01-01 00:08:27,4,0 days 00:39:33,84,90,174,Heat offensive team rebound,,,,,,,,,
4 8:27 84 90 4,4 8:27 84 90,4,1900-01-01 00:08:27,4,0 days 00:39:33,84,90,174,Precious Achiuwa misses free throw 1 of 2,Precious Achiuwa,,,,,,1,,
4 8:27 84 90 5,4 8:27 84 90,5,1900-01-01 00:08:27,4,0 days 00:39:33,84,90,174,Markieff Morris shooting foul,,,,,,,,,
4 8:27 84 90 6,4 8:27 84 90,6,1900-01-01 00:08:27,4,0 days 00:39:33,84,90,174,Precious Achiuwa offensive rebound,,,,,,,,,
4 8:28 84 90 1,4 8:28 84 90,1,1900-01-01 00:08:28,4,0 days 00:39:32,84,90,174,Markieff Morris blocks Precious Achiuwa 's 4-foot hook shot,Precious Achiuwa,,1,,,,,,
4 8:44 84 90 1,4 8:44 84 90,1,1900-01-01 00:08:44,4,0 days 00:39:16,84,90,174,Markieff Morris makes 12-foot pullup jump shot (Dennis Schroder assists),Markieff Morris,1,,,,,,2,Los Angeles Lakers
4 8:56 82 90 1,4 8:56 82 90,1,1900-01-01 00:08:56,4,0 days 00:39:04,82,90,172,Dennis Schroder defensive rebound,,,,,,,,,
4 8:57 82 90 1,4 8:57 82 90,1,1900-01-01 00:08:57,4,0 days 00:39:03,82,90,172,Precious Achiuwa misses tip shot,Precious Achiuwa,,,,,,,,
4 9:03 82 90 1,4 9:03 82 90,1,1900-01-01 00:09:03,4,0 days 00:38:57,82,90,172,Precious Achiuwa offensive rebound,,,,,,,,,
4 9:04 82 90 1,4 9:04 82 90,1,1900-01-01 00:09:04,4,0 days 00:38:56,82,90,172,Precious Achiuwa misses tip shot,Precious Achiuwa,,,,,,,,
4 9:04 82 90 2,4 9:04 82 90,2,1900-01-01 00:09:04,4,0 days 00:38:56,82,90,172,Precious Achiuwa offensive rebound,,,,,,,,,
4 9:05 82 90 1,4 9:05 82 90,1,1900-01-01 00:09:05,4,0 days 00:38:55,82,90,172,Precious Achiuwa misses two point shot,Precious Achiuwa,,1,,,,,,
4 9:06 82 90 1,4 9:06 82 90,1,1900-01-01 00:09:06,4,0 days 00:38:54,82,90,172,Precious Achiuwa offensive rebound,,,,,,,,,
4 9:07 82 90 1,4 9:07 82 90,1,1900-01-01 00:09:07,4,0 days 00:38:53,82,90,172,Kentavious Caldwell-Pope blocks Precious Achiuwa 's 3-foot two point shot,Precious Achiuwa,,1,,,,,,
4 9:09 82 90 1,4 9:09 82 90,1,1900-01-01 00:09:09,4,0 days 00:38:51,82,90,172,Dennis Schroder bad pass (Andre Iguodala steals),,,,,,,,,
4 9:22 82 90 1,4 9:22 82 90,1,1900-01-01 00:09:22,4,0 days 00:38:38,82,90,172,Lakers defensive team rebound,,,,,,,,,
4 9:24 82 90 1,4 9:24 82 90,1,1900-01-01 00:09:24,4,0 days 00:38:36,82,90,172,Goran Dragic misses 25-foot three point jumper,Goran Dragic,,,,1,,,,
4 9:42 82 90 1,4 9:42 82 90,1,1900-01-01 00:09:42,4,0 days 00:38:18,82,90,172,Heat defensive team rebound,,,,,,,,,
4 9:44 82 90 1,4 9:44 82 90,1,1900-01-01 00:09:44,4,0 days 00:38:16,82,90,172,Precious Achiuwa blocks Wesley Matthews 's 8-foot two point shot,Wesley Matthews,,1,,,,,,
4 10:00 82 90 1,4 10:00 82 90,1,1900-01-01 00:10:00,4,0 days 00:38:00,82,90,172,Markieff Morris enters the game for Alfonzo McKinnie,,,,,,,,,
4 10:00 82 90 2,4 10:00 82 90,2,1900-01-01 00:10:00,4,0 days 00:38:00,82,90,172,Kentavious Caldwell-Pope enters the game for Ben McLemore,,,,,,,,,
4 10:00 82 90 3,4 10:00 82 90,3,1900-01-01 00:10:00,4,0 days 00:38:00,82,90,172,Lakers Full timeout,,,,,,,,,
4 10:01 82 90 1,4 10:01 82 90,1,1900-01-01 00:10:01,4,0 days 00:37:59,82,90,172,Jimmy Butler makes 15-foot pullup jump shot,Jimmy Butler,1,,,,,,2,Miami Heat
4 10:14 82 88 1,4 10:14 82 88,1,1900-01-01 00:10:14,4,0 days 00:37:46,82,88,170,Wesley Matthews out of bounds bad pass turnover,,,,,,,,,
4 10:16 82 88 1,4 10:16 82 88,1,1900-01-01 00:10:16,4,0 days 00:37:44,82,88,170,Wesley Matthews enters the game for Alex Caruso,,,,,,,,,
4 10:24 82 88 1,4 10:24 82 88,1,1900-01-01 00:10:24,4,0 days 00:37:36,82,88,170,Montrezl Harrell defensive rebound,,,,,,,,,
4 10:28 82 88 1,4 10:28 82 88,1,1900-01-01 00:10:28,4,0 days 00:37:32,82,88,170,Andre Iguodala misses 27-foot three point jumper,Andre Iguodala,,,,1,,,,
4 10:29 82 88 1,4 10:29 82 88,1,1900-01-01 00:10:29,4,0 days 00:37:31,82,88,170,Jimmy Butler offensive rebound,,,,,,,,,
4 10:32 82 88 1,4 10:32 82 88,1,1900-01-01 00:10:32,4,0 days 00:37:28,82,88,170,Goran Dragic misses 25-foot three point jumper,Goran Dragic,,,,1,,,,
4 10:53 82 88 1,4 10:53 82 88,1,1900-01-01 00:10:53,4,0 days 00:37:07,82,88,170,Alfonzo McKinnie makes 21-foot pullup jump shot (Dennis Schroder assists),Alfonzo McKinnie,1,,,,,,2,Los Angeles Lakers
4 11:10 80 88 1,4 11:10 80 88,1,1900-01-01 00:11:10,4,0 days 00:36:50,80,88,168,Precious Achiuwa makes free throw 2 of 2,Precious Achiuwa,,,,,1,,1,
4 11:10 80 87 1,4 11:10 80 87,1,1900-01-01 00:11:10,4,0 days 00:36:50,80,87,167,Precious Achiuwa makes free throw 1 of 2,Precious Achiuwa,,,,,1,,1,
4 11:10 80 86 1,4 11:10 80 86,1,1900-01-01 00:11:10,4,0 days 00:36:50,80,86,166,Montrezl Harrell shooting foul,,,,,,,,,
4 11:15 80 86 1,4 11:15 80 86,1,1900-01-01 00:11:15,4,0 days 00:36:45,80,86,166,Jimmy Butler defensive rebound,,,,,,,,,
4 11:19 80 86 1,4 11:19 80 86,1,1900-01-01 00:11:19,4,0 days 00:36:41,80,86,166,Ben McLemore misses 23-foot three point jumper,Ben McLemore,,,,1,,,,
4 11:38 80 86 1,4 11:38 80 86,1,1900-01-01 00:11:38,4,0 days 00:36:22,80,86,166,Tyler Herro makes 27-foot three pointer,Tyler Herro,,,1,,,,3,Miami Heat
4 12:00 80 83 1,4 12:00 80 83,1,1900-01-01 00:12:00,4,0 days 00:36:00,80,83,163,Precious Achiuwa enters the game for Duncan Robinson,,,,,,,,,
3 0.0 80 83 1,3 0.0 80 83,1,1900-01-01 00:00:00,3,0 days 00:36:00,80,83,163,End of the 3rd Quarter,,,,,,,,,
3 0.8 80 83 1,3 0.8 80 83,1,1900-01-01 00:00:00,3,0 days 00:36:00,80,83,163,Alfonzo McKinnie defensive rebound,,,,,,,,,
3 2.8 80 83 1,3 2.8 80 83,1,1900-01-01 00:00:02,3,0 days 00:35:58,80,83,163,Jimmy Butler misses 25-foot step back jumpshot,Jimmy Butler,,,,1,,,,
3 5.8 80 83 1,3 5.8 80 83,1,1900-01-01 00:00:05,3,0 days 00:35:55,80,83,163,Duncan Robinson enters the game for Precious Achiuwa,,,,,,,,,
3 5.8 80 83 2,3 5.8 80 83,2,1900-01-01 00:00:05,3,0 days 00:35:55,80,83,163,Dennis Schroder out of bounds bad pass turnover,,,,,,,,,
3 20.5 80 83 1,3 20.5 80 83,1,1900-01-01 00:00:20,3,0 days 00:35:40,80,83,163,Precious Achiuwa makes free throw 1 of 1,Precious Achiuwa,,,,,1,,1,
3 20.5 80 82 1,3 20.5 80 82,1,1900-01-01 00:00:20,3,0 days 00:35:40,80,82,162,Montrezl Harrell shooting foul,,,,,,,,,
3 20.5 80 82 2,3 20.5 80 82,2,1900-01-01 00:00:20,3,0 days 00:35:40,80,82,162,Precious Achiuwa makes layup (Jimmy Butler assists),Precious Achiuwa,1,,,,,,2,Miami Heat
3 27.7 80 80 1,3 27.7 80 80,1,1900-01-01 00:00:27,3,0 days 00:35:33,80,80,160,Tyler Herro defensive rebound,,,,,,,,,
3 30.3 80 80 1,3 30.3 80 80,1,1900-01-01 00:00:30,3,0 days 00:35:30,80,80,160,Dennis Schroder misses 26-foot three point jumper,Dennis Schroder,,,,1,,,,
3 36.5 81 80 1,3 36.5 81 80,1,1900-01-01 00:00:36,3,0 days 00:35:24,81,80,161,Precious Achiuwa enters the game for Bam Adebayo,,,,,,,,,
3 36.5 81 80 2,3 36.5 81 80,2,1900-01-01 00:00:36,3,0 days 00:35:24,81,80,161,Bam Adebayo turnover,,,,,,,,,
3 36.5 81 80 3,3 36.5 81 80,3,1900-01-01 00:00:36,3,0 days 00:35:24,81,80,161,Bam Adebayo offensive foul,,,,,,,,,
3 48.9 81 80 1,3 48.9 81 80,1,1900-01-01 00:00:48,3,0 days 00:35:12,81,80,161,Alfonzo McKinnie makes 3-foot dunk (Dennis Schroder assists),Alfonzo McKinnie,,,1,,,,3,Los Angeles Lakers
3 52.1 78 80 1,3 52.1 78 80,1,1900-01-01 00:00:52,3,0 days 00:35:08,78,80,158,Goran Dragic bad pass (Dennis Schroder steals),,,,,,,,,
3 1:14 78 80 1,3 1:14 78 80,1,1900-01-01 00:01:14,3,0 days 00:34:46,78,80,158,Ben McLemore makes 19-foot jumper (Alex Caruso assists),Ben McLemore,1,,,,,,2,Los Angeles Lakers
3 1:17 76 80 1,3 1:17 76 80,1,1900-01-01 00:01:17,3,0 days 00:34:43,76,80,156,Dennis Schroder enters the game for Kentavious Caldwell-Pope,,,,,,,,,
3 1:17 76 80 2,3 1:17 76 80,2,1900-01-01 00:01:17,3,0 days 00:34:43,76,80,156,Andre Iguodala enters the game for Duncan Robinson,,,,,,,,,
3 1:17 76 80 3,3 1:17 76 80,3,1900-01-01 00:01:17,3,0 days 00:34:43,76,80,156,Jimmy Butler enters the game for Trevor Ariza,,,,,,,,,
3 1:17 76 80 4,3 1:17 76 80,4,1900-01-01 00:01:17,3,0 days 00:34:43,76,80,156,Tyler Herro enters the game for Victor Oladipo,,,,,,,,,
3 1:27 76 80 1,3 1:27 76 80,1,1900-01-01 00:01:27,3,0 days 00:34:33,76,80,156,Montrezl Harrell defensive rebound,,,,,,,,,
3 1:30 76 80 1,3 1:30 76 80,1,1900-01-01 00:01:30,3,0 days 00:34:30,76,80,156,Trevor Ariza misses layup,Trevor Ariza,,,,,,,,
3 1:47 76 80 1,3 1:47 76 80,1,1900-01-01 00:01:47,3,0 days 00:34:13,76,80,156,Kentavious Caldwell-Pope makes two point shot (Alex Caruso assists),Kentavious Caldwell-Pope,1,,,,,,2,Los Angeles Lakers
3 1:50 74 80 1,3 1:50 74 80,1,1900-01-01 00:01:50,3,0 days 00:34:10,74,80,154,Bam Adebayo lost ball turnover (Alex Caruso steals),,,,,,,,,
3 2:05 74 80 1,3 2:05 74 80,1,1900-01-01 00:02:05,3,0 days 00:33:55,74,80,154,Kentavious Caldwell-Pope makes 20-foot pullup jump shot (Montrezl Harrell assists),Kentavious Caldwell-Pope,1,,,,,,2,Los Angeles Lakers
3 2:13 72 80 1,3 2:13 72 80,1,1900-01-01 00:02:13,3,0 days 00:33:47,72,80,152,Montrezl Harrell defensive rebound,,,,,,,,,
3 2:17 72 80 1,3 2:17 72 80,1,1900-01-01 00:02:17,3,0 days 00:33:43,72,80,152,Bam Adebayo misses driving layup,Bam Adebayo,,,,,,,,
3 2:22 72 80 1,3 2:22 72 80,1,1900-01-01 00:02:22,3,0 days 00:33:38,72,80,152,Bam Adebayo defensive rebound,,,,,,,,,
3 2:26 72 80 1,3 2:26 72 80,1,1900-01-01 00:02:26,3,0 days 00:33:34,72,80,152,Alfonzo McKinnie misses driving floating jump shot,Alfonzo McKinnie,,,,,,,,
3 2:46 72 80 1,3 2:46 72 80,1,1900-01-01 00:02:46,3,0 days 00:33:14,72,80,152,Duncan Robinson makes free throw 1 of 1,Duncan Robinson,,,,,1,,1,
3 2:46 72 79 1,3 2:46 72 79,1,1900-01-01 00:02:46,3,0 days 00:33:14,72,79,151,Alfonzo McKinnie enters the game for Markieff Morris,,,,,,,,,
3 2:46 72 79 2,3 2:46 72 79,2,1900-01-01 00:02:46,3,0 days 00:33:14,72,79,151,Lakers Full timeout,,,,,,,,,
3 2:46 72 79 3,3 2:46 72 79,3,1900-01-01 00:02:46,3,0 days 00:33:14,72,79,151,Kentavious Caldwell-Pope shooting foul,,,,,,,,,
3 2:46 72 79 4,3 2:46 72 79,4,1900-01-01 00:02:46,3,0 days 00:33:14,72,79,151,Duncan Robinson makes 28-foot three pointer (Bam Adebayo assists),Duncan Robinson,,,1,,,,3,Miami Heat
3 3:04 72 76 1,3 3:04 72 76,1,1900-01-01 00:03:04,3,0 days 00:32:56,72,76,148,Montrezl Harrell turnover,,,,,,,,,
3 3:04 72 76 2,3 3:04 72 76,2,1900-01-01 00:03:04,3,0 days 00:32:56,72,76,148,Montrezl Harrell offensive foul,,,,,,,,,
3 3:20 72 76 1,3 3:20 72 76,1,1900-01-01 00:03:20,3,0 days 00:32:40,72,76,148,Victor Oladipo makes 26-foot three point jumper (Goran Dragic assists),Victor Oladipo,,,1,,,,3,Miami Heat
3 3:30 72 73 1,3 3:30 72 73,1,1900-01-01 00:03:30,3,0 days 00:32:30,72,73,145,Markieff Morris bad pass (Goran Dragic steals),,,,,,,,,
3 3:44 72 73 1,3 3:44 72 73,1,1900-01-01 00:03:44,3,0 days 00:32:16,72,73,145,Montrezl Harrell defensive rebound,,,,,,,,,
3 3:47 72 73 1,3 3:47 72 73,1,1900-01-01 00:03:47,3,0 days 00:32:13,72,73,145,Bam Adebayo misses free throw 2 of 2,Bam Adebayo,,,,,,1,,
3 3:47 72 73 2,3 3:47 72 73,2,1900-01-01 00:03:47,3,0 days 00:32:13,72,73,145,Montrezl Harrell enters the game for Dennis Schroder,,,,,,,,,
3 3:47 72 73 3,3 3:47 72 73,3,1900-01-01 00:03:47,3,0 days 00:32:13,72,73,145,Alex Caruso enters the game for Andre Drummond,,,,,,,,,
3 3:47 72 73 4,3 3:47 72 73,4,1900-01-01 00:03:47,3,0 days 00:32:13,72,73,145,Bam Adebayo makes free throw 1 of 2,Bam Adebayo,,,,,1,,1,
3 3:47 72 72 1,3 3:47 72 72,1,1900-01-01 00:03:47,3,0 days 00:32:13,72,72,144,Andre Drummond shooting foul,,,,,,,,,
3 3:55 72 72 1,3 3:55 72 72,1,1900-01-01 00:03:55,3,0 days 00:32:05,72,72,144,Dennis Schroder makes free throw 2 of 2,Dennis Schroder,,,,,1,,1,
3 3:55 71 72 1,3 3:55 71 72,1,1900-01-01 00:03:55,3,0 days 00:32:05,71,72,143,Ben McLemore enters the game for Alex Caruso,,,,,,,,,
3 3:55 71 72 2,3 3:55 71 72,2,1900-01-01 00:03:55,3,0 days 00:32:05,71,72,143,Bam Adebayo enters the game for Precious Achiuwa,,,,,,,,,
3 3:55 71 72 3,3 3:55 71 72,3,1900-01-01 00:03:55,3,0 days 00:32:05,71,72,143,Dennis Schroder makes free throw 1 of 2,Dennis Schroder,,,,,1,,1,
3 3:55 70 72 1,3 3:55 70 72,1,1900-01-01 00:03:55,3,0 days 00:32:05,70,72,142,Precious Achiuwa personal foul,,,,,,,,,
3 3:56 70 72 1,3 3:56 70 72,1,1900-01-01 00:03:56,3,0 days 00:32:04,70,72,142,Dennis Schroder defensive rebound,,,,,,,,,
3 3:58 70 72 1,3 3:58 70 72,1,1900-01-01 00:03:58,3,0 days 00:32:02,70,72,142,Victor Oladipo misses layup,Victor Oladipo,,,,,,,,
3 4:12 70 72 1,3 4:12 70 72,1,1900-01-01 00:04:12,3,0 days 00:31:48,70,72,142,Precious Achiuwa defensive rebound,,,,,,,,,
3 4:16 70 72 1,3 4:16 70 72,1,1900-01-01 00:04:16,3,0 days 00:31:44,70,72,142,Kentavious Caldwell-Pope misses 29-foot three point jumper,Kentavious Caldwell-Pope,,,,1,,,,
3 4:33 70 72 1,3 4:33 70 72,1,1900-01-01 00:04:33,3,0 days 00:31:27,70,72,142,Victor Oladipo out of bounds lost ball turnover,,,,,,,,,
3 4:47 70 72 1,3 4:47 70 72,1,1900-01-01 00:04:47,3,0 days 00:31:13,70,72,142,Kentavious Caldwell-Pope makes 23-foot three point jumper (Alex Caruso assists),Kentavious Caldwell-Pope,,,1,,,,3,Los Angeles Lakers
3 5:00 67 72 1,3 5:00 67 72,1,1900-01-01 00:05:00,3,0 days 00:31:00,67,72,139,Precious Achiuwa makes two point shot,Precious Achiuwa,1,,,,,,2,Miami Heat
3 5:05 67 70 1,3 5:05 67 70,1,1900-01-01 00:05:05,3,0 days 00:30:55,67,70,137,Alex Caruso bad pass (Precious Achiuwa steals),,,,,,,,,
3 5:26 67 70 1,3 5:26 67 70,1,1900-01-01 00:05:26,3,0 days 00:30:34,67,70,137,Goran Dragic enters the game for Jimmy Butler,,,,,,,,,
3 5:26 67 70 2,3 5:26 67 70,2,1900-01-01 00:05:26,3,0 days 00:30:34,67,70,137,Precious Achiuwa personal foul,,,,,,,,,
3 5:26 67 70 3,3 5:26 67 70,3,1900-01-01 00:05:26,3,0 days 00:30:34,67,70,137,Dennis Schroder defensive rebound,,,,,,,,,
3 5:27 67 70 1,3 5:27 67 70,1,1900-01-01 00:05:27,3,0 days 00:30:33,67,70,137,Victor Oladipo misses pullup jump shot,Victor Oladipo,,,,,,,,
3 5:47 67 70 1,3 5:47 67 70,1,1900-01-01 00:05:47,3,0 days 00:30:13,67,70,137,Alex Caruso makes 26-foot three point jumper (Dennis Schroder assists),Alex Caruso,,,1,,,,3,Los Angeles Lakers
3 6:12 64 70 1,3 6:12 64 70,1,1900-01-01 00:06:12,3,0 days 00:29:48,64,70,134,Jimmy Butler makes free throw 2 of 2,Jimmy Butler,,,,,1,,1,
3 6:12 64 69 1,3 6:12 64 69,1,1900-01-01 00:06:12,3,0 days 00:29:48,64,69,133,Jimmy Butler makes free throw 1 of 2,Jimmy Butler,,,,,1,,1,
3 6:12 64 68 1,3 6:12 64 68,1,1900-01-01 00:06:12,3,0 days 00:29:48,64,68,132,Markieff Morris personal foul,,,,,,,,,
3 6:27 64 68 1,3 6:27 64 68,1,1900-01-01 00:06:27,3,0 days 00:29:33,64,68,132,Dennis Schroder makes free throw 2 of 2,Dennis Schroder,,,,,1,,1,
3 6:27 63 68 1,3 6:27 63 68,1,1900-01-01 00:06:27,3,0 days 00:29:33,63,68,131,Dennis Schroder makes free throw 1 of 2,Dennis Schroder,,,,,1,,1,
3 6:27 62 68 1,3 6:27 62 68,1,1900-01-01 00:06:27,3,0 days 00:29:33,62,68,130,Heat Full timeout,,,,,,,,,
3 6:27 62 68 2,3 6:27 62 68,2,1900-01-01 00:06:27,3,0 days 00:29:33,62,68,130,Precious Achiuwa shooting foul,,,,,,,,,
3 6:46 62 68 1,3 6:46 62 68,1,1900-01-01 00:06:46,3,0 days 00:29:14,62,68,130,Trevor Ariza makes two point shot,Trevor Ariza,1,,,,,,2,Miami Heat
3 6:50 62 66 1,3 6:50 62 66,1,1900-01-01 00:06:50,3,0 days 00:29:10,62,66,128,Markieff Morris lost ball turnover (Victor Oladipo steals),,,,,,,,,
3 7:11 62 66 1,3 7:11 62 66,1,1900-01-01 00:07:11,3,0 days 00:28:49,62,66,128,Victor Oladipo makes 2-foot driving dunk (Duncan Robinson assists),Victor Oladipo,1,,,,,,2,Miami Heat
3 7:27 62 64 1,3 7:27 62 64,1,1900-01-01 00:07:27,3,0 days 00:28:33,62,64,126,Andre Drummond makes free throw 2 of 2,Andre Drummond,,,,,1,,1,
3 7:27 61 64 1,3 7:27 61 64,1,1900-01-01 00:07:27,3,0 days 00:28:33,61,64,125,Andre Drummond makes free throw 1 of 2,Andre Drummond,,,,,1,,1,
3 7:27 60 64 1,3 7:27 60 64,1,1900-01-01 00:07:27,3,0 days 00:28:33,60,64,124,Precious Achiuwa shooting foul,,,,,,,,,
3 7:46 60 64 1,3 7:46 60 64,1,1900-01-01 00:07:46,3,0 days 00:28:14,60,64,124,Jimmy Butler makes free throw 2 of 2,Jimmy Butler,,,,,1,,1,
3 7:46 60 63 1,3 7:46 60 63,1,1900-01-01 00:07:46,3,0 days 00:28:14,60,63,123,Alex Caruso enters the game for Wesley Matthews,,,,,,,,,
3 7:46 60 63 2,3 7:46 60 63,2,1900-01-01 00:07:46,3,0 days 00:28:14,60,63,123,Heat offensive team rebound,,,,,,,,,
3 7:46 60 63 3,3 7:46 60 63,3,1900-01-01 00:07:46,3,0 days 00:28:14,60,63,123,Jimmy Butler misses free throw 1 of 2,Jimmy Butler,,,,,,1,,
3 7:46 60 63 4,3 7:46 60 63,4,1900-01-01 00:07:46,3,0 days 00:28:14,60,63,123,Wesley Matthews shooting foul,,,,,,,,,
3 8:00 60 63 1,3 8:00 60 63,1,1900-01-01 00:08:00,3,0 days 00:28:00,60,63,123,Precious Achiuwa enters the game for Bam Adebayo,,,,,,,,,
3 8:00 60 63 2,3 8:00 60 63,2,1900-01-01 00:08:00,3,0 days 00:28:00,60,63,123,Dennis Schroder personal take foul,,,,,,,,,
3 8:01 60 63 1,3 8:01 60 63,1,1900-01-01 00:08:01,3,0 days 00:27:59,60,63,123,Dennis Schroder bad pass (Victor Oladipo steals),,,,,,,,,
3 8:10 60 63 1,3 8:10 60 63,1,1900-01-01 00:08:10,3,0 days 00:27:50,60,63,123,Jimmy Butler makes 3-foot two point shot,Jimmy Butler,1,,,,,,2,Miami Heat
3 8:26 60 61 1,3 8:26 60 61,1,1900-01-01 00:08:26,3,0 days 00:27:34,60,61,121,Andre Drummond makes 5-foot two point shot (Dennis Schroder assists),Andre Drummond,1,,,,,,2,Los Angeles Lakers
3 8:38 58 61 1,3 8:38 58 61,1,1900-01-01 00:08:38,3,0 days 00:27:22,58,61,119,Andre Drummond defensive rebound,,,,,,,,,
3 8:41 58 61 1,3 8:41 58 61,1,1900-01-01 00:08:41,3,0 days 00:27:19,58,61,119,Duncan Robinson misses three point jumper,Duncan Robinson,,,,1,,,,
3 8:57 58 61 1,3 8:57 58 61,1,1900-01-01 00:08:57,3,0 days 00:27:03,58,61,119,Bam Adebayo defensive rebound,,,,,,,,,
3 9:00 58 61 1,3 9:00 58 61,1,1900-01-01 00:09:00,3,0 days 00:27:00,58,61,119,Wesley Matthews misses 24-foot three point jumper,Wesley Matthews,,,,1,,,,
3 9:03 58 61 1,3 9:03 58 61,1,1900-01-01 00:09:03,3,0 days 00:26:57,58,61,119,Andre Drummond offensive rebound,,,,,,,,,
3 9:07 58 61 1,3 9:07 58 61,1,1900-01-01 00:09:07,3,0 days 00:26:53,58,61,119,Bam Adebayo blocks Wesley Matthews 's 5-foot driving layup,Wesley Matthews,,1,,,,,,
3 9:23 58 61 1,3 9:23 58 61,1,1900-01-01 00:09:23,3,0 days 00:26:37,58,61,119,Victor Oladipo makes three point jumper (Trevor Ariza assists),Victor Oladipo,,,1,,,,3,Miami Heat
3 9:33 58 58 1,3 9:33 58 58,1,1900-01-01 00:09:33,3,0 days 00:26:27,58,58,116,Wesley Matthews bad pass (Victor Oladipo steals),,,,,,,,,
3 9:43 58 58 1,3 9:43 58 58,1,1900-01-01 00:09:43,3,0 days 00:26:17,58,58,116,Andre Drummond defensive rebound,,,,,,,,,
3 9:47 58 58 1,3 9:47 58 58,1,1900-01-01 00:09:47,3,0 days 00:26:13,58,58,116,Bam Adebayo misses 14-foot jumper,Bam Adebayo,,1,,,,,,
3 9:52 58 58 1,3 9:52 58 58,1,1900-01-01 00:09:52,3,0 days 00:26:08,58,58,116,Wesley Matthews personal foul,,,,,,,,,
3 9:55 58 58 1,3 9:55 58 58,1,1900-01-01 00:09:55,3,0 days 00:26:05,58,58,116,Victor Oladipo defensive rebound,,,,,,,,,
3 9:57 58 58 1,3 9:57 58 58,1,1900-01-01 00:09:57,3,0 days 00:26:03,58,58,116,Markieff Morris misses 24-foot three point jumper,Markieff Morris,,,,1,,,,
3 9:59 58 58 1,3 9:59 58 58,1,1900-01-01 00:09:59,3,0 days 00:26:01,58,58,116,Kentavious Caldwell-Pope offensive rebound,,,,,,,,,
3 10:01 58 58 1,3 10:01 58 58,1,1900-01-01 00:10:01,3,0 days 00:25:59,58,58,116,Kentavious Caldwell-Pope misses layup,Kentavious Caldwell-Pope,,,,,,,,
3 10:08 58 58 1,3 10:08 58 58,1,1900-01-01 00:10:08,3,0 days 00:25:52,58,58,116,Markieff Morris defensive rebound,,,,,,,,,
3 10:13 58 58 1,3 10:13 58 58,1,1900-01-01 00:10:13,3,0 days 00:25:47,58,58,116,Trevor Ariza misses 24-foot three point jumper,Trevor Ariza,,,,1,,,,
3 10:18 58 58 1,3 10:18 58 58,1,1900-01-01 00:10:18,3,0 days 00:25:42,58,58,116,Bam Adebayo defensive rebound,,,,,,,,,
3 10:21 58 58 1,3 10:21 58 58,1,1900-01-01 00:10:21,3,0 days 00:25:39,58,58,116,Kentavious Caldwell-Pope misses 27-foot step back jumpshot,Kentavious Caldwell-Pope,,,,1,,,,
3 10:40 58 58 1,3 10:40 58 58,1,1900-01-01 00:10:40,3,0 days 00:25:20,58,58,116,Jimmy Butler makes 17-foot pullup jump shot,Jimmy Butler,1,,,,,,2,Miami Heat
3 10:52 58 56 1,3 10:52 58 56,1,1900-01-01 00:10:52,3,0 days 00:25:08,58,56,114,Dennis Schroder steps out of bounds turnover,,,,,,,,,
3 10:57 58 56 1,3 10:57 58 56,1,1900-01-01 00:10:57,3,0 days 00:25:03,58,56,114,Andre Drummond defensive rebound,,,,,,,,,
3 11:01 58 56 1,3 11:01 58 56,1,1900-01-01 00:11:01,3,0 days 00:24:59,58,56,114,Victor Oladipo misses 25-foot three point jumper,Victor Oladipo,,,,1,,,,
3 11:08 58 56 1,3 11:08 58 56,1,1900-01-01 00:11:08,3,0 days 00:24:52,58,56,114,Dennis Schroder personal take foul,,,,,,,,,
3 11:10 58 56 1,3 11:10 58 56,1,1900-01-01 00:11:10,3,0 days 00:24:50,58,56,114,Dennis Schroder bad pass (Jimmy Butler steals),,,,,,,,,
3 11:23 58 56 1,3 11:23 58 56,1,1900-01-01 00:11:23,3,0 days 00:24:37,58,56,114,Bam Adebayo makes 13-foot jumper (Duncan Robinson assists),Bam Adebayo,1,,,,,,2,Miami Heat
3 11:40 58 54 1,3 11:40 58 54,1,1900-01-01 00:11:40,3,0 days 00:24:20,58,54,112,Andre Drummond makes free throw 2 of 2,Andre Drummond,,,,,1,,1,
3 11:40 57 54 1,3 11:40 57 54,1,1900-01-01 00:11:40,3,0 days 00:24:20,57,54,111,Andre Drummond makes free throw 1 of 2,Andre Drummond,,,,,1,,1,
3 11:40 56 54 1,3 11:40 56 54,1,1900-01-01 00:11:40,3,0 days 00:24:20,56,54,110,Bam Adebayo shooting foul,,,,,,,,,
3 12:00 56 54 1,3 12:00 56 54,1,1900-01-01 00:12:00,3,0 days 00:24:00,56,54,110,Andre Drummond enters the game for Montrezl Harrell,,,,,,,,,
3 12:00 56 54 2,3 12:00 56 54,2,1900-01-01 00:12:00,3,0 days 00:24:00,56,54,110,Bam Adebayo enters the game for Andre Iguodala,,,,,,,,,
3 12:00 56 54 3,3 12:00 56 54,3,1900-01-01 00:12:00,3,0 days 00:24:00,56,54,110,Victor Oladipo enters the game for Tyler Herro,,,,,,,,,
3 12:00 56 54 4,3 12:00 56 54,4,1900-01-01 00:12:00,3,0 days 00:24:00,56,54,110,Duncan Robinson enters the game for Goran Dragic,,,,,,,,,
2 0.0 56 54 1,2 0.0 56 54,1,1900-01-01 00:00:00,2,0 days 00:24:00,56,54,110,End of the 2nd Quarter,,,,,,,,,
2 0.1 56 54 1,2 0.1 56 54,1,1900-01-01 00:00:00,2,0 days 00:24:00,56,54,110,Lakers offensive team rebound,,,,,,,,,
2 1.7 56 54 1,2 1.7 56 54,1,1900-01-01 00:00:01,2,0 days 00:23:59,56,54,110,Dennis Schroder misses 42-foot three point jumper,Dennis Schroder,,,,1,,,,
2 3.4 56 54 1,2 3.4 56 54,1,1900-01-01 00:00:03,2,0 days 00:23:57,56,54,110,Goran Dragic lost ball turnover (Montrezl Harrell steals),,,,,,,,,
2 10.8 56 54 1,2 10.8 56 54,1,1900-01-01 00:00:10,2,0 days 00:23:50,56,54,110,Montrezl Harrell makes 1-foot dunk (Dennis Schroder assists),Montrezl Harrell,1,,,,,,2,Los Angeles Lakers
2 26.6 54 54 1,2 26.6 54 54,1,1900-01-01 00:00:26,2,0 days 00:23:34,54,54,108,Kentavious Caldwell-Pope defensive rebound,,,,,,,,,
2 29.8 54 54 1,2 29.8 54 54,1,1900-01-01 00:00:29,2,0 days 00:23:31,54,54,108,Goran Dragic misses 12-foot two point shot,Goran Dragic,,1,,,,,,
2 45.3 54 54 1,2 45.3 54 54,1,1900-01-01 00:00:45,2,0 days 00:23:15,54,54,108,Andre Iguodala enters the game for Bam Adebayo,,,,,,,,,
2 45.3 54 54 2,2 45.3 54 54,2,1900-01-01 00:00:45,2,0 days 00:23:15,54,54,108,Markieff Morris out of bounds lost ball turnover,,,,,,,,,
2 1:03 54 54 1,2 1:03 54 54,1,1900-01-01 00:01:03,2,0 days 00:22:57,54,54,108,Jimmy Butler bad pass (Wesley Matthews steals),,,,,,,,,
2 1:09 54 54 1,2 1:09 54 54,1,1900-01-01 00:01:09,2,0 days 00:22:51,54,54,108,Jimmy Butler defensive rebound,,,,,,,,,
2 1:11 54 54 1,2 1:11 54 54,1,1900-01-01 00:01:11,2,0 days 00:22:49,54,54,108,Montrezl Harrell misses 6-foot hook shot,Montrezl Harrell,,1,,,,,,
2 1:12 54 54 1,2 1:12 54 54,1,1900-01-01 00:01:12,2,0 days 00:22:48,54,54,108,Montrezl Harrell offensive rebound,,,,,,,,,
2 1:14 54 54 1,2 1:14 54 54,1,1900-01-01 00:01:14,2,0 days 00:22:46,54,54,108,Dennis Schroder misses 28-foot three point jumper,Dennis Schroder,,,,1,,,,
2 1:22 54 54 1,2 1:22 54 54,1,1900-01-01 00:01:22,2,0 days 00:22:38,54,54,108,Markieff Morris defensive rebound,,,,,,,,,
2 1:24 54 54 1,2 1:24 54 54,1,1900-01-01 00:01:24,2,0 days 00:22:36,54,54,108,Jimmy Butler misses two point shot,Jimmy Butler,,1,,,,,,
2 1:26 54 54 1,2 1:26 54 54,1,1900-01-01 00:01:26,2,0 days 00:22:34,54,54,108,Jimmy Butler offensive rebound,,,,,,,,,
2 1:29 54 54 1,2 1:29 54 54,1,1900-01-01 00:01:29,2,0 days 00:22:31,54,54,108,Bam Adebayo misses 11-foot two point shot,Bam Adebayo,,1,,,,,,
2 1:36 54 54 1,2 1:36 54 54,1,1900-01-01 00:01:36,2,0 days 00:22:24,54,54,108,Goran Dragic defensive rebound,,,,,,,,,
2 1:39 54 54 1,2 1:39 54 54,1,1900-01-01 00:01:39,2,0 days 00:22:21,54,54,108,Wesley Matthews misses 24-foot three point jumper,Wesley Matthews,,,,1,,,,
2 1:57 54 54 1,2 1:57 54 54,1,1900-01-01 00:01:57,2,0 days 00:22:03,54,54,108,Bam Adebayo makes 12-foot jumper (Jimmy Butler assists),Bam Adebayo,1,,,,,,2,Miami Heat
2 2:14 54 52 1,2 2:14 54 52,1,1900-01-01 00:02:14,2,0 days 00:21:46,54,52,106,Trevor Ariza defensive rebound,,,,,,,,,
2 2:17 54 52 1,2 2:17 54 52,1,1900-01-01 00:02:17,2,0 days 00:21:43,54,52,106,Montrezl Harrell misses free throw 2 of 2,Montrezl Harrell,,,,,,1,,
2 2:17 54 52 2,2 2:17 54 52,2,1900-01-01 00:02:17,2,0 days 00:21:43,54,52,106,Montrezl Harrell makes free throw 1 of 2,Montrezl Harrell,,,,,1,,1,
2 2:17 53 52 1,2 2:17 53 52,1,1900-01-01 00:02:17,2,0 days 00:21:43,53,52,105,Trevor Ariza shooting foul,,,,,,,,,
2 2:17 53 52 2,2 2:17 53 52,2,1900-01-01 00:02:17,2,0 days 00:21:43,53,52,105,Goran Dragic bad pass (Montrezl Harrell steals),,,,,,,,,
2 2:17 53 52 3,2 2:17 53 52,3,1900-01-01 00:02:17,2,0 days 00:21:43,53,52,105,Goran Dragic defensive rebound,,,,,,,,,
2 2:22 53 52 1,2 2:22 53 52,1,1900-01-01 00:02:22,2,0 days 00:21:38,53,52,105,Kentavious Caldwell-Pope misses 22-foot jumper,Kentavious Caldwell-Pope,,1,,,,,,
2 2:50 53 52 1,2 2:50 53 52,1,1900-01-01 00:02:50,2,0 days 00:21:10,53,52,105,Bam Adebayo makes 4-foot dunk (Goran Dragic assists),Bam Adebayo,1,,,,,,2,Miami Heat
2 3:08 53 50 1,2 3:08 53 50,1,1900-01-01 00:03:08,2,0 days 00:20:52,53,50,103,Goran Dragic enters the game for Victor Oladipo,,,,,,,,,
2 3:08 53 50 2,2 3:08 53 50,2,1900-01-01 00:03:08,2,0 days 00:20:52,53,50,103,Montrezl Harrell makes free throw 2 of 2,Montrezl Harrell,,,,,1,,1,
2 3:08 52 50 1,2 3:08 52 50,1,1900-01-01 00:03:08,2,0 days 00:20:52,52,50,102,Montrezl Harrell makes free throw 1 of 2,Montrezl Harrell,,,,,1,,1,
2 3:08 51 50 1,2 3:08 51 50,1,1900-01-01 00:03:08,2,0 days 00:20:52,51,50,101,Victor Oladipo personal foul,,,,,,,,,
2 3:13 51 50 1,2 3:13 51 50,1,1900-01-01 00:03:13,2,0 days 00:20:47,51,50,101,Dennis Schroder offensive rebound,,,,,,,,,
2 3:15 51 50 1,2 3:15 51 50,1,1900-01-01 00:03:15,2,0 days 00:20:45,51,50,101,Markieff Morris misses 25-foot three point jumper,Markieff Morris,,,,1,,,,
2 3:25 51 50 1,2 3:25 51 50,1,1900-01-01 00:03:25,2,0 days 00:20:35,51,50,101,Tyler Herro makes free throw 2 of 2,Tyler Herro,,,,,1,,1,
2 3:25 51 49 1,2 3:25 51 49,1,1900-01-01 00:03:25,2,0 days 00:20:35,51,49,100,Montrezl Harrell enters the game for Andre Drummond,,,,,,,,,
2 3:25 51 49 2,2 3:25 51 49,2,1900-01-01 00:03:25,2,0 days 00:20:35,51,49,100,Heat offensive team rebound,,,,,,,,,
2 3:25 51 49 3,2 3:25 51 49,3,1900-01-01 00:03:25,2,0 days 00:20:35,51,49,100,Tyler Herro misses free throw 1 of 2,Tyler Herro,,,,,,1,,
2 3:25 51 49 4,2 3:25 51 49,4,1900-01-01 00:03:25,2,0 days 00:20:35,51,49,100,Andre Drummond shooting foul,,,,,,,,,
2 3:32 51 49 1,2 3:32 51 49,1,1900-01-01 00:03:32,2,0 days 00:20:28,51,49,100,Wesley Matthews enters the game for Ben McLemore,,,,,,,,,
2 3:42 51 49 1,2 3:42 51 49,1,1900-01-01 00:03:42,2,0 days 00:20:18,51,49,100,Ben McLemore makes free throw 3 of 3,Ben McLemore,,,,,1,,1,
2 3:42 50 49 1,2 3:42 50 49,1,1900-01-01 00:03:42,2,0 days 00:20:18,50,49,99,Jimmy Butler enters the game for Duncan Robinson,,,,,,,,,
2 3:42 50 49 2,2 3:42 50 49,2,1900-01-01 00:03:42,2,0 days 00:20:18,50,49,99,Ben McLemore makes free throw 2 of 3,Ben McLemore,,,,,1,,1,
2 3:42 49 49 1,2 3:42 49 49,1,1900-01-01 00:03:42,2,0 days 00:20:18,49,49,98,Ben McLemore makes free throw 1 of 3,Ben McLemore,,,,,1,,1,
2 3:42 48 49 1,2 3:42 48 49,1,1900-01-01 00:03:42,2,0 days 00:20:18,48,49,97,Duncan Robinson shooting foul,,,,,,,,,
2 3:45 48 49 1,2 3:45 48 49,1,1900-01-01 00:03:45,2,0 days 00:20:15,48,49,97,Dennis Schroder defensive rebound,,,,,,,,,
2 3:48 48 49 1,2 3:48 48 49,1,1900-01-01 00:03:48,2,0 days 00:20:12,48,49,97,Duncan Robinson misses 29-foot three point jumper,Duncan Robinson,,,,1,,,,
2 4:14 48 49 1,2 4:14 48 49,1,1900-01-01 00:04:14,2,0 days 00:19:46,48,49,97,Kentavious Caldwell-Pope makes 5-foot two point shot,Kentavious Caldwell-Pope,1,,,,,,2,Los Angeles Lakers
2 4:32 46 49 1,2 4:32 46 49,1,1900-01-01 00:04:32,2,0 days 00:19:28,46,49,95,Victor Oladipo traveling,,,,,,,,,
2 4:45 46 49 1,2 4:45 46 49,1,1900-01-01 00:04:45,2,0 days 00:19:15,46,49,95,Andre Drummond makes free throw 2 of 2,Andre Drummond,,,,,1,,1,
2 4:45 45 49 1,2 4:45 45 49,1,1900-01-01 00:04:45,2,0 days 00:19:15,45,49,94,Lakers offensive team rebound,,,,,,,,,
2 4:45 45 49 2,2 4:45 45 49,2,1900-01-01 00:04:45,2,0 days 00:19:15,45,49,94,Andre Drummond misses free throw 1 of 2,Andre Drummond,,,,,,1,,
2 4:45 45 49 3,2 4:45 45 49,3,1900-01-01 00:04:45,2,0 days 00:19:15,45,49,94,Bam Adebayo shooting foul,,,,,,,,,
2 4:56 45 49 1,2 4:56 45 49,1,1900-01-01 00:04:56,2,0 days 00:19:04,45,49,94,Andre Drummond enters the game for Montrezl Harrell,,,,,,,,,
2 4:56 45 49 2,2 4:56 45 49,2,1900-01-01 00:04:56,2,0 days 00:19:04,45,49,94,Ben McLemore enters the game for Wesley Matthews,,,,,,,,,
2 4:56 45 49 3,2 4:56 45 49,3,1900-01-01 00:04:56,2,0 days 00:19:04,45,49,94,Victor Oladipo out of bounds bad pass turnover,,,,,,,,,
2 5:12 45 49 1,2 5:12 45 49,1,1900-01-01 00:05:12,2,0 days 00:18:48,45,49,94,Markieff Morris makes 26-foot three point jumper (Dennis Schroder assists),Markieff Morris,,,1,,,,3,Los Angeles Lakers
2 5:32 42 49 1,2 5:32 42 49,1,1900-01-01 00:05:32,2,0 days 00:18:28,42,49,91,Victor Oladipo makes 7-foot driving floating jump shot (Bam Adebayo assists),Victor Oladipo,1,,,,,,2,Miami Heat
2 5:44 42 47 1,2 5:44 42 47,1,1900-01-01 00:05:44,2,0 days 00:18:16,42,47,89,Bam Adebayo enters the game for Nemanja Bjelica,,,,,,,,,
2 5:44 42 47 2,2 5:44 42 47,2,1900-01-01 00:05:44,2,0 days 00:18:16,42,47,89,Trevor Ariza enters the game for Andre Iguodala,,,,,,,,,
2 5:44 42 47 3,2 5:44 42 47,3,1900-01-01 00:05:44,2,0 days 00:18:16,42,47,89,Duncan Robinson enters the game for Jimmy Butler,,,,,,,,,
2 5:44 42 47 4,2 5:44 42 47,4,1900-01-01 00:05:44,2,0 days 00:18:16,42,47,89,Victor Oladipo enters the game for Goran Dragic,,,,,,,,,
2 5:44 42 47 5,2 5:44 42 47,5,1900-01-01 00:05:44,2,0 days 00:18:16,42,47,89,Heat Full timeout,,,,,,,,,
2 5:44 42 47 6,2 5:44 42 47,6,1900-01-01 00:05:44,2,0 days 00:18:16,42,47,89,Markieff Morris makes driving layup,Markieff Morris,1,,,,,,2,Los Angeles Lakers
2 5:54 40 47 1,2 5:54 40 47,1,1900-01-01 00:05:54,2,0 days 00:18:06,40,47,87,Kentavious Caldwell-Pope defensive rebound,,,,,,,,,
2 5:58 40 47 1,2 5:58 40 47,1,1900-01-01 00:05:58,2,0 days 00:18:02,40,47,87,Tyler Herro misses pullup jump shot,Tyler Herro,,,,,,,,
2 6:20 40 47 1,2 6:20 40 47,1,1900-01-01 00:06:20,2,0 days 00:17:40,40,47,87,Markieff Morris makes 16-foot step back jumpshot (Dennis Schroder assists),Markieff Morris,1,,,,,,2,Los Angeles Lakers
2 6:35 38 47 1,2 6:35 38 47,1,1900-01-01 00:06:35,2,0 days 00:17:25,38,47,85,Tyler Herro makes 27-foot three point jumper (Andre Iguodala assists),Tyler Herro,,,1,,,,3,Miami Heat
2 6:50 38 44 1,2 6:50 38 44,1,1900-01-01 00:06:50,2,0 days 00:17:10,38,44,82,Kentavious Caldwell-Pope makes 25-foot step back jumpshot,Kentavious Caldwell-Pope,,,1,,,,3,Los Angeles Lakers
2 6:57 35 44 1,2 6:57 35 44,1,1900-01-01 00:06:57,2,0 days 00:17:03,35,44,79,Dennis Schroder defensive rebound,,,,,,,,,
2 7:01 35 44 1,2 7:01 35 44,1,1900-01-01 00:07:01,2,0 days 00:16:59,35,44,79,Nemanja Bjelica misses 28-foot three point jumper,Nemanja Bjelica,,,,1,,,,
2 7:27 35 44 1,2 7:27 35 44,1,1900-01-01 00:07:27,2,0 days 00:16:33,35,44,79,Wesley Matthews makes driving layup (Dennis Schroder assists),Wesley Matthews,1,,,,,,2,Los Angeles Lakers
2 7:39 33 44 1,2 7:39 33 44,1,1900-01-01 00:07:39,2,0 days 00:16:21,33,44,77,Jimmy Butler makes 4-foot two point shot,Jimmy Butler,1,,,,,,2,Miami Heat
2 7:48 33 42 1,2 7:48 33 42,1,1900-01-01 00:07:48,2,0 days 00:16:12,33,42,75,Dennis Schroder bad pass (Jimmy Butler steals),,,,,,,,,
2 7:57 33 42 1,2 7:57 33 42,1,1900-01-01 00:07:57,2,0 days 00:16:03,33,42,75,Kentavious Caldwell-Pope enters the game for Alfonzo McKinnie,,,,,,,,,
2 7:57 33 42 2,2 7:57 33 42,2,1900-01-01 00:07:57,2,0 days 00:16:03,33,42,75,Markieff Morris enters the game for Ben McLemore,,,,,,,,,
2 7:57 33 42 3,2 7:57 33 42,3,1900-01-01 00:07:57,2,0 days 00:16:03,33,42,75,Lakers Full timeout,,,,,,,,,
2 7:57 33 42 4,2 7:57 33 42,4,1900-01-01 00:07:57,2,0 days 00:16:03,33,42,75,Tyler Herro makes 23-foot three point shot (Nemanja Bjelica assists),Tyler Herro,,,1,,,,3,Miami Heat
2 8:00 33 39 1,2 8:00 33 39,1,1900-01-01 00:08:00,2,0 days 00:16:00,33,39,72,Jimmy Butler defensive rebound,,,,,,,,,
2 8:03 33 39 1,2 8:03 33 39,1,1900-01-01 00:08:03,2,0 days 00:15:57,33,39,72,Dennis Schroder misses two point shot,Dennis Schroder,,1,,,,,,
2 8:09 33 39 1,2 8:09 33 39,1,1900-01-01 00:08:09,2,0 days 00:15:51,33,39,72,Montrezl Harrell defensive rebound,,,,,,,,,
2 8:13 33 39 1,2 8:13 33 39,1,1900-01-01 00:08:13,2,0 days 00:15:47,33,39,72,Tyler Herro misses 27-foot three point shot,Tyler Herro,,,,1,,,,
2 8:16 33 39 1,2 8:16 33 39,1,1900-01-01 00:08:16,2,0 days 00:15:44,33,39,72,Jimmy Butler defensive rebound,,,,,,,,,
2 8:21 33 39 1,2 8:21 33 39,1,1900-01-01 00:08:21,2,0 days 00:15:39,33,39,72,Nemanja Bjelica blocks Dennis Schroder's pullup jump shot,Dennis Schroder,,,,,,,,
2 8:42 33 39 1,2 8:42 33 39,1,1900-01-01 00:08:42,2,0 days 00:15:18,33,39,72,Montrezl Harrell defensive rebound,,,,,,,,,
2 8:45 33 39 1,2 8:45 33 39,1,1900-01-01 00:08:45,2,0 days 00:15:15,33,39,72,Goran Dragic misses 27-foot three point jumper,Goran Dragic,,,,1,,,,
2 9:00 33 39 1,2 9:00 33 39,1,1900-01-01 00:09:00,2,0 days 00:15:00,33,39,72,Montrezl Harrell makes dunk (Dennis Schroder assists),Montrezl Harrell,1,,,,,,2,Los Angeles Lakers
2 9:09 31 39 1,2 9:09 31 39,1,1900-01-01 00:09:09,2,0 days 00:14:51,31,39,70,Goran Dragic turnover,,,,,,,,,
2 9:09 31 39 2,2 9:09 31 39,2,1900-01-01 00:09:09,2,0 days 00:14:51,31,39,70,Goran Dragic offensive foul,,,,,,,,,
2 9:14 31 39 1,2 9:14 31 39,1,1900-01-01 00:09:14,2,0 days 00:14:46,31,39,70,Wesley Matthews makes free throw 3 of 3,Wesley Matthews,,,,,1,,1,
2 9:14 30 39 1,2 9:14 30 39,1,1900-01-01 00:09:14,2,0 days 00:14:46,30,39,69,Wesley Matthews makes free throw 2 of 3,Wesley Matthews,,,,,1,,1,
2 9:14 29 39 1,2 9:14 29 39,1,1900-01-01 00:09:14,2,0 days 00:14:46,29,39,68,Wesley Matthews makes free throw 1 of 3,Wesley Matthews,,,,,1,,1,
2 9:14 28 39 1,2 9:14 28 39,1,1900-01-01 00:09:14,2,0 days 00:14:46,28,39,67,Tyler Herro shooting foul,,,,,,,,,
2 9:37 28 39 1,2 9:37 28 39,1,1900-01-01 00:09:37,2,0 days 00:14:23,28,39,67,Goran Dragic makes 20-foot jumper,Goran Dragic,1,,,,,,2,Miami Heat
2 9:42 28 37 1,2 9:42 28 37,1,1900-01-01 00:09:42,2,0 days 00:14:18,28,37,65,Andre Iguodala defensive rebound,,,,,,,,,
2 9:43 28 37 1,2 9:43 28 37,1,1900-01-01 00:09:43,2,0 days 00:14:17,28,37,65,Nemanja Bjelica blocks Dennis Schroder's driving layup,Dennis Schroder,,,,,,,,
2 9:49 28 37 1,2 9:49 28 37,1,1900-01-01 00:09:49,2,0 days 00:14:11,28,37,65,Goran Dragic kicked ball violation,,,,,,,,,
2 9:57 28 37 1,2 9:57 28 37,1,1900-01-01 00:09:57,2,0 days 00:14:03,28,37,65,Andre Iguodala personal foul,,,,,,,,,
2 10:05 28 37 1,2 10:05 28 37,1,1900-01-01 00:10:05,2,0 days 00:13:55,28,37,65,Lakers offensive team rebound,,,,,,,,,
2 10:05 28 37 2,2 10:05 28 37,2,1900-01-01 00:10:05,2,0 days 00:13:55,28,37,65,Andre Iguodala blocks Alfonzo McKinnie 's 3-foot driving layup,Alfonzo McKinnie,,1,,,,,,
2 10:18 28 37 1,2 10:18 28 37,1,1900-01-01 00:10:18,2,0 days 00:13:42,28,37,65,Jimmy Butler makes 23-foot three point jumper (Nemanja Bjelica assists),Jimmy Butler,,,1,,,,3,Miami Heat
2 10:42 28 34 1,2 10:42 28 34,1,1900-01-01 00:10:42,2,0 days 00:13:18,28,34,62,Nemanja Bjelica defensive rebound,,,,,,,,,
2 10:45 28 34 1,2 10:45 28 34,1,1900-01-01 00:10:45,2,0 days 00:13:15,28,34,62,Wesley Matthews misses 26-foot three point jumper,Wesley Matthews,,,,1,,,,
2 11:07 28 34 1,2 11:07 28 34,1,1900-01-01 00:11:07,2,0 days 00:12:53,28,34,62,Jimmy Butler makes two point shot (Tyler Herro assists),Jimmy Butler,1,,,,,,2,Miami Heat
2 11:14 28 32 1,2 11:14 28 32,1,1900-01-01 00:11:14,2,0 days 00:12:46,28,32,60,Montrezl Harrell bad pass (Tyler Herro steals),,,,,,,,,
2 11:24 28 32 1,2 11:24 28 32,1,1900-01-01 00:11:24,2,0 days 00:12:36,28,32,60,Wesley Matthews defensive rebound,,,,,,,,,
2 11:29 28 32 1,2 11:29 28 32,1,1900-01-01 00:11:29,2,0 days 00:12:31,28,32,60,Andre Iguodala misses 25-foot three point jumper,Andre Iguodala,,,,1,,,,
2 11:48 28 32 1,2 11:48 28 32,1,1900-01-01 00:11:48,2,0 days 00:12:12,28,32,60,Montrezl Harrell makes free throw 2 of 2,Montrezl Harrell,,,,,1,,1,
2 11:48 27 32 1,2 11:48 27 32,1,1900-01-01 00:11:48,2,0 days 00:12:12,27,32,59,Lakers offensive team rebound,,,,,,,,,
2 11:48 27 32 2,2 11:48 27 32,2,1900-01-01 00:11:48,2,0 days 00:12:12,27,32,59,Montrezl Harrell misses free throw 1 of 2,Montrezl Harrell,,,,,,1,,
2 11:48 27 32 3,2 11:48 27 32,3,1900-01-01 00:11:48,2,0 days 00:12:12,27,32,59,Nemanja Bjelica shooting foul,,,,,,,,,
1 0.0 27 32 1,1 0.0 27 32,1,1900-01-01 00:00:00,1,0 days 00:12:00,27,32,59,End of the 1st Quarter,,,,,,,,,
1 0.7 27 32 1,1 0.7 27 32,1,1900-01-01 00:00:00,1,0 days 00:12:00,27,32,59,Andre Iguodala defensive rebound,,,,,,,,,
1 1.6 27 32 1,1 1.6 27 32,1,1900-01-01 00:00:01,1,0 days 00:11:59,27,32,59,Dennis Schroder misses 13-foot two point shot,Dennis Schroder,,1,,,,,,
1 7.9 27 32 1,1 7.9 27 32,1,1900-01-01 00:00:07,1,0 days 00:11:53,27,32,59,Goran Dragic turnover,,,,,,,,,
1 7.9 27 32 2,1 7.9 27 32,2,1900-01-01 00:00:07,1,0 days 00:11:53,27,32,59,Goran Dragic offensive foul,,,,,,,,,
1 28.6 27 32 1,1 28.6 27 32,1,1900-01-01 00:00:28,1,0 days 00:11:32,27,32,59,Montrezl Harrell makes tip shot,Montrezl Harrell,1,,,,,,2,Los Angeles Lakers
1 28.6 25 32 1,1 28.6 25 32,1,1900-01-01 00:00:28,1,0 days 00:11:32,25,32,57,Montrezl Harrell offensive rebound,,,,,,,,,
1 30.8 25 32 1,1 30.8 25 32,1,1900-01-01 00:00:30,1,0 days 00:11:30,25,32,57,Wesley Matthews misses three point jumper,Wesley Matthews,,,,1,,,,
1 36.9 25 32 1,1 36.9 25 32,1,1900-01-01 00:00:36,1,0 days 00:11:24,25,32,57,Ben McLemore defensive rebound,,,,,,,,,
1 39.1 25 32 1,1 39.1 25 32,1,1900-01-01 00:00:39,1,0 days 00:11:21,25,32,57,Goran Dragic misses free throw 2 of 2,Goran Dragic,,,,,,1,,
1 39.1 25 32 2,1 39.1 25 32,2,1900-01-01 00:00:39,1,0 days 00:11:21,25,32,57,Wesley Matthews enters the game for Alex Caruso,,,,,,,,,
1 39.1 25 32 3,1 39.1 25 32,3,1900-01-01 00:00:39,1,0 days 00:11:21,25,32,57,Goran Dragic makes free throw 1 of 2,Goran Dragic,,,,,1,,1,
1 39.1 25 31 1,1 39.1 25 31,1,1900-01-01 00:00:39,1,0 days 00:11:21,25,31,56,Alex Caruso shooting foul,,,,,,,,,
1 46.6 25 31 1,1 46.6 25 31,1,1900-01-01 00:00:46,1,0 days 00:11:14,25,31,56,Dennis Schroder bad pass (Jimmy Butler steals),,,,,,,,,
1 54.3 25 31 1,1 54.3 25 31,1,1900-01-01 00:00:54,1,0 days 00:11:06,25,31,56,Ben McLemore makes technical free throw,Ben McLemore,,,,,1,,1,
1 54.3 24 31 1,1 54.3 24 31,1,1900-01-01 00:00:54,1,0 days 00:11:06,24,31,55,"Nemanja Bjelica defensive 3-seconds (technical foul)
",,,,,,,,,
1 1:08 24 31 1,1 1:08 24 31,1,1900-01-01 00:01:08,1,0 days 00:10:52,24,31,55,Goran Dragic makes two point shot,Goran Dragic,1,,,,,,2,Miami Heat
1 1:12 24 29 1,1 1:12 24 29,1,1900-01-01 00:01:12,1,0 days 00:10:48,24,29,53,Goran Dragic defensive rebound,,,,,,,,,
1 1:15 24 29 1,1 1:15 24 29,1,1900-01-01 00:01:15,1,0 days 00:10:45,24,29,53,Ben McLemore misses 27-foot three point jumper,Ben McLemore,,,,1,,,,
1 1:30 24 29 1,1 1:30 24 29,1,1900-01-01 00:01:30,1,0 days 00:10:30,24,29,53,Tyler Herro makes 28-foot three point jumper (Goran Dragic assists),Tyler Herro,,,1,,,,3,Miami Heat
1 1:38 24 26 1,1 1:38 24 26,1,1900-01-01 00:01:38,1,0 days 00:10:22,24,26,50,Dennis Schroder enters the game for Kentavious Caldwell-Pope,,,,,,,,,
1 1:38 24 26 2,1 1:38 24 26,2,1900-01-01 00:01:38,1,0 days 00:10:22,24,26,50,Andre Iguodala enters the game for Trevor Ariza,,,,,,,,,
1 1:38 24 26 3,1 1:38 24 26,3,1900-01-01 00:01:38,1,0 days 00:10:22,24,26,50,Jimmy Butler enters the game for Victor Oladipo,,,,,,,,,
1 1:38 24 26 4,1 1:38 24 26,4,1900-01-01 00:01:38,1,0 days 00:10:22,24,26,50,Alfonzo McKinnie steps out of bounds turnover,,,,,,,,,
1 1:48 24 26 1,1 1:48 24 26,1,1900-01-01 00:01:48,1,0 days 00:10:12,24,26,50,Alex Caruso defensive rebound,,,,,,,,,
1 1:51 24 26 1,1 1:51 24 26,1,1900-01-01 00:01:51,1,0 days 00:10:09,24,26,50,Goran Dragic misses 27-foot three point jumper,Goran Dragic,,,,1,,,,
1 2:01 24 26 1,1 2:01 24 26,1,1900-01-01 00:02:01,1,0 days 00:09:59,24,26,50,Nemanja Bjelica defensive rebound,,,,,,,,,
1 2:04 24 26 1,1 2:04 24 26,1,1900-01-01 00:02:04,1,0 days 00:09:56,24,26,50,Ben McLemore misses 25-foot three point jumper,Ben McLemore,,,,1,,,,
1 2:07 24 26 1,1 2:07 24 26,1,1900-01-01 00:02:07,1,0 days 00:09:53,24,26,50,Montrezl Harrell offensive rebound,,,,,,,,,
1 2:10 24 26 1,1 2:10 24 26,1,1900-01-01 00:02:10,1,0 days 00:09:50,24,26,50,Alfonzo McKinnie misses 26-foot three point jumper,Alfonzo McKinnie,,,,1,,,,
1 2:22 24 26 1,1 2:22 24 26,1,1900-01-01 00:02:22,1,0 days 00:09:38,24,26,50,Alex Caruso defensive rebound,,,,,,,,,
1 2:26 24 26 1,1 2:26 24 26,1,1900-01-01 00:02:26,1,0 days 00:09:34,24,26,50,Tyler Herro misses 16-foot pullup jump shot,Tyler Herro,,1,,,,,,
1 2:45 24 26 1,1 2:45 24 26,1,1900-01-01 00:02:45,1,0 days 00:09:15,24,26,50,Kentavious Caldwell-Pope makes 26-foot three point jumper (Alex Caruso assists),Kentavious Caldwell-Pope,,,1,,,,3,Los Angeles Lakers
1 2:57 21 26 1,1 2:57 21 26,1,1900-01-01 00:02:57,1,0 days 00:09:03,21,26,47,Victor Oladipo makes free throw 2 of 2,Victor Oladipo,,,,,1,,1,
1 2:57 21 25 1,1 2:57 21 25,1,1900-01-01 00:02:57,1,0 days 00:09:03,21,25,46,Victor Oladipo makes free throw 1 of 2,Victor Oladipo,,,,,1,,1,
1 2:57 21 24 1,1 2:57 21 24,1,1900-01-01 00:02:57,1,0 days 00:09:03,21,24,45,Ben McLemore shooting foul,,,,,,,,,
1 3:02 21 24 1,1 3:02 21 24,1,1900-01-01 00:03:02,1,0 days 00:08:58,21,24,45,Montrezl Harrell bad pass (Tyler Herro steals),,,,,,,,,
1 3:12 21 24 1,1 3:12 21 24,1,1900-01-01 00:03:12,1,0 days 00:08:48,21,24,45,Nemanja Bjelica personal foul,,,,,,,,,
1 3:20 21 24 1,1 3:20 21 24,1,1900-01-01 00:03:20,1,0 days 00:08:40,21,24,45,Goran Dragic makes free throw 2 of 2,Goran Dragic,,,,,1,,1,
1 3:20 21 23 1,1 3:20 21 23,1,1900-01-01 00:03:20,1,0 days 00:08:40,21,23,44,Montrezl Harrell enters the game for Markieff Morris,,,,,,,,,
1 3:20 21 23 2,1 3:20 21 23,2,1900-01-01 00:03:20,1,0 days 00:08:40,21,23,44,Alfonzo McKinnie enters the game for Andre Drummond,,,,,,,,,
1 3:20 21 23 3,1 3:20 21 23,3,1900-01-01 00:03:20,1,0 days 00:08:40,21,23,44,Nemanja Bjelica enters the game for Bam Adebayo,,,,,,,,,
1 3:20 21 23 4,1 3:20 21 23,4,1900-01-01 00:03:20,1,0 days 00:08:40,21,23,44,Goran Dragic makes free throw 1 of 2,Goran Dragic,,,,,1,,1,
1 3:20 21 22 1,1 3:20 21 22,1,1900-01-01 00:03:20,1,0 days 00:08:40,21,22,43,Andre Drummond loose ball foul,,,,,,,,,
1 3:20 21 22 2,1 3:20 21 22,2,1900-01-01 00:03:20,1,0 days 00:08:40,21,22,43,Heat offensive team rebound,,,,,,,,,
1 3:20 21 22 3,1 3:20 21 22,3,1900-01-01 00:03:20,1,0 days 00:08:40,21,22,43,Goran Dragic misses jumper,Goran Dragic,,,,,,,,
1 3:27 21 22 1,1 3:27 21 22,1,1900-01-01 00:03:27,1,0 days 00:08:33,21,22,43,Goran Dragic defensive rebound,,,,,,,,,
1 3:30 21 22 1,1 3:30 21 22,1,1900-01-01 00:03:30,1,0 days 00:08:30,21,22,43,Victor Oladipo blocks Andre Drummond 's 5-foot layup,Andre Drummond,,1,,,,,,
1 3:45 21 22 1,1 3:45 21 22,1,1900-01-01 00:03:45,1,0 days 00:08:15,21,22,43,Andre Drummond defensive rebound,,,,,,,,,
1 3:48 21 22 1,1 3:48 21 22,1,1900-01-01 00:03:48,1,0 days 00:08:12,21,22,43,Tyler Herro misses 10-foot two point shot,Tyler Herro,,1,,,,,,
1 4:10 21 22 1,1 4:10 21 22,1,1900-01-01 00:04:10,1,0 days 00:07:50,21,22,43,Trevor Ariza defensive rebound,,,,,,,,,
1 4:15 21 22 1,1 4:15 21 22,1,1900-01-01 00:04:15,1,0 days 00:07:45,21,22,43,Kentavious Caldwell-Pope misses 20-foot pullup jump shot,Kentavious Caldwell-Pope,,1,,,,,,
1 4:31 21 22 1,1 4:31 21 22,1,1900-01-01 00:04:31,1,0 days 00:07:29,21,22,43,Andre Drummond defensive rebound,,,,,,,,,
1 4:34 21 22 1,1 4:34 21 22,1,1900-01-01 00:04:34,1,0 days 00:07:26,21,22,43,Goran Dragic misses free throw 2 of 2,Goran Dragic,,,,,,1,,
1 4:34 21 22 2,1 4:34 21 22,2,1900-01-01 00:04:34,1,0 days 00:07:26,21,22,43,Goran Dragic makes free throw 1 of 2,Goran Dragic,,,,,1,,1,
1 4:34 21 21 1,1 4:34 21 21,1,1900-01-01 00:04:34,1,0 days 00:07:26,21,21,42,Alex Caruso personal foul,,,,,,,,,
1 4:42 21 21 1,1 4:42 21 21,1,1900-01-01 00:04:42,1,0 days 00:07:18,21,21,42,Alex Caruso makes layup (Andre Drummond assists),Alex Caruso,1,,,,,,2,Los Angeles Lakers
1 4:52 19 21 1,1 4:52 19 21,1,1900-01-01 00:04:52,1,0 days 00:07:08,19,21,40,Ben McLemore defensive rebound,,,,,,,,,
1 4:54 19 21 1,1 4:54 19 21,1,1900-01-01 00:04:54,1,0 days 00:07:06,19,21,40,Bam Adebayo misses 7-foot jump bank shot,Bam Adebayo,,1,,,,,,
1 5:07 19 21 1,1 5:07 19 21,1,1900-01-01 00:05:07,1,0 days 00:06:53,19,21,40,Heat Full timeout,,,,,,,,,
1 5:07 19 21 2,1 5:07 19 21,2,1900-01-01 00:05:07,1,0 days 00:06:53,19,21,40,Andre Drummond makes two point shot,Andre Drummond,1,,,,,,2,Los Angeles Lakers
1 5:08 17 21 1,1 5:08 17 21,1,1900-01-01 00:05:08,1,0 days 00:06:52,17,21,38,Andre Drummond offensive rebound,,,,,,,,,
1 5:09 17 21 1,1 5:09 17 21,1,1900-01-01 00:05:09,1,0 days 00:06:51,17,21,38,Andre Drummond misses driving layup,Andre Drummond,,,,,,,,
1 5:29 17 21 1,1 5:29 17 21,1,1900-01-01 00:05:29,1,0 days 00:06:31,17,21,38,Tyler Herro enters the game for Duncan Robinson,,,,,,,,,
1 5:29 17 21 2,1 5:29 17 21,2,1900-01-01 00:05:29,1,0 days 00:06:31,17,21,38,Duncan Robinson turnover,,,,,,,,,
1 5:29 17 21 3,1 5:29 17 21,3,1900-01-01 00:05:29,1,0 days 00:06:31,17,21,38,Duncan Robinson offensive foul,,,,,,,,,
1 5:35 17 21 1,1 5:35 17 21,1,1900-01-01 00:05:35,1,0 days 00:06:25,17,21,38,Alex Caruso out of bounds bad pass turnover,,,,,,,,,
1 5:42 17 21 1,1 5:42 17 21,1,1900-01-01 00:05:42,1,0 days 00:06:18,17,21,38,Ben McLemore enters the game for Dennis Schroder,,,,,,,,,
1 5:42 17 21 2,1 5:42 17 21,2,1900-01-01 00:05:42,1,0 days 00:06:18,17,21,38,Bam Adebayo personal foul,,,,,,,,,
1 5:49 17 21 1,1 5:49 17 21,1,1900-01-01 00:05:49,1,0 days 00:06:11,17,21,38,Lakers offensive team rebound,,,,,,,,,
1 5:49 17 21 2,1 5:49 17 21,2,1900-01-01 00:05:49,1,0 days 00:06:11,17,21,38,Bam Adebayo blocks Andre Drummond 's 15-foot driving floating jump shot,Andre Drummond,,1,,,,,,
1 5:56 17 21 1,1 5:56 17 21,1,1900-01-01 00:05:56,1,0 days 00:06:04,17,21,38,Duncan Robinson lost ball turnover (Andre Drummond steals),,,,,,,,,
1 6:06 17 21 1,1 6:06 17 21,1,1900-01-01 00:06:06,1,0 days 00:05:54,17,21,38,Alex Caruso enters the game for Wesley Matthews,,,,,,,,,
1 6:06 17 21 2,1 6:06 17 21,2,1900-01-01 00:06:06,1,0 days 00:05:54,17,21,38,Goran Dragic enters the game for Jimmy Butler,,,,,,,,,
1 6:06 17 21 3,1 6:06 17 21,3,1900-01-01 00:06:06,1,0 days 00:05:54,17,21,38,Jimmy Butler makes technical free throw,Jimmy Butler,,,,,1,,1,
1 6:06 17 20 1,1 6:06 17 20,1,1900-01-01 00:06:06,1,0 days 00:05:54,17,20,37,"Andre Drummond defensive 3-seconds (technical foul)
",,,,,,,,,
1 6:20 17 20 1,1 6:20 17 20,1,1900-01-01 00:06:20,1,0 days 00:05:40,17,20,37,Wesley Matthews makes 25-foot three point jumper (Dennis Schroder assists),Wesley Matthews,,,1,,,,3,Los Angeles Lakers
1 6:27 14 20 1,1 6:27 14 20,1,1900-01-01 00:06:27,1,0 days 00:05:33,14,20,34,Trevor Ariza out of bounds lost ball turnover,,,,,,,,,
1 6:44 14 20 1,1 6:44 14 20,1,1900-01-01 00:06:44,1,0 days 00:05:16,14,20,34,Kentavious Caldwell-Pope makes two point shot (Andre Drummond assists),Kentavious Caldwell-Pope,1,,,,,,2,Los Angeles Lakers
1 6:48 12 20 1,1 6:48 12 20,1,1900-01-01 00:06:48,1,0 days 00:05:12,12,20,32,Jimmy Butler bad pass (Andre Drummond steals),,,,,,,,,
1 6:51 12 20 1,1 6:51 12 20,1,1900-01-01 00:06:51,1,0 days 00:05:09,12,20,32,Heat offensive team rebound,,,,,,,,,
1 6:53 12 20 1,1 6:53 12 20,1,1900-01-01 00:06:53,1,0 days 00:05:07,12,20,32,Bam Adebayo misses driving layup,Bam Adebayo,,,,,,,,
1 7:13 12 20 1,1 7:13 12 20,1,1900-01-01 00:07:13,1,0 days 00:04:47,12,20,32,Andre Drummond makes 7-foot two point shot (Wesley Matthews assists),Andre Drummond,1,,,,,,2,Los Angeles Lakers
1 7:23 10 20 1,1 7:23 10 20,1,1900-01-01 00:07:23,1,0 days 00:04:37,10,20,30,Duncan Robinson personal foul,,,,,,,,,
1 7:29 10 20 1,1 7:29 10 20,1,1900-01-01 00:07:29,1,0 days 00:04:31,10,20,30,Victor Oladipo makes free throw 2 of 2,Victor Oladipo,,,,,1,,1,
1 7:29 10 19 1,1 7:29 10 19,1,1900-01-01 00:07:29,1,0 days 00:04:31,10,19,29,Lakers Full timeout,,,,,,,,,
1 7:29 10 19 2,1 7:29 10 19,2,1900-01-01 00:07:29,1,0 days 00:04:31,10,19,29,Victor Oladipo makes free throw 1 of 2,Victor Oladipo,,,,,1,,1,
1 7:29 10 18 1,1 7:29 10 18,1,1900-01-01 00:07:29,1,0 days 00:04:31,10,18,28,Kentavious Caldwell-Pope personal take foul,,,,,,,,,
1 7:29 10 18 2,1 7:29 10 18,2,1900-01-01 00:07:29,1,0 days 00:04:31,10,18,28,Victor Oladipo defensive rebound,,,,,,,,,
1 7:31 10 18 1,1 7:31 10 18,1,1900-01-01 00:07:31,1,0 days 00:04:29,10,18,28,Dennis Schroder misses driving layup,Dennis Schroder,,,,,,,,
1 7:37 10 18 1,1 7:37 10 18,1,1900-01-01 00:07:37,1,0 days 00:04:23,10,18,28,Jimmy Butler makes free throw 1 of 1,Jimmy Butler,,,,,1,,1,
1 7:37 10 17 1,1 7:37 10 17,1,1900-01-01 00:07:37,1,0 days 00:04:23,10,17,27,Wesley Matthews shooting foul,,,,,,,,,
1 7:37 10 17 2,1 7:37 10 17,2,1900-01-01 00:07:37,1,0 days 00:04:23,10,17,27,Jimmy Butler makes driving layup,Jimmy Butler,1,,,,,,2,Miami Heat
1 7:43 10 15 1,1 7:43 10 15,1,1900-01-01 00:07:43,1,0 days 00:04:17,10,15,25,Duncan Robinson defensive rebound,,,,,,,,,
1 7:43 10 15 2,1 7:43 10 15,2,1900-01-01 00:07:43,1,0 days 00:04:17,10,15,25,Markieff Morris misses tip shot,Markieff Morris,,,,,,,,
1 7:43 10 15 3,1 7:43 10 15,3,1900-01-01 00:07:43,1,0 days 00:04:17,10,15,25,Markieff Morris offensive rebound,,,,,,,,,
1 7:49 10 15 1,1 7:49 10 15,1,1900-01-01 00:07:49,1,0 days 00:04:11,10,15,25,Kentavious Caldwell-Pope misses 25-foot three point shot,Kentavious Caldwell-Pope,,,,1,,,,
1 7:54 10 15 1,1 7:54 10 15,1,1900-01-01 00:07:54,1,0 days 00:04:06,10,15,25,Victor Oladipo bad pass (Markieff Morris steals),,,,,,,,,
1 8:00 10 15 1,1 8:00 10 15,1,1900-01-01 00:08:00,1,0 days 00:04:00,10,15,25,Victor Oladipo offensive rebound,,,,,,,,,
1 8:04 10 15 1,1 8:04 10 15,1,1900-01-01 00:08:04,1,0 days 00:03:56,10,15,25,Trevor Ariza misses 24-foot step back jumpshot,Trevor Ariza,,,,1,,,,
1 8:10 10 15 1,1 8:10 10 15,1,1900-01-01 00:08:10,1,0 days 00:03:50,10,15,25,Bam Adebayo defensive rebound,,,,,,,,,
1 8:13 10 15 1,1 8:13 10 15,1,1900-01-01 00:08:13,1,0 days 00:03:47,10,15,25,Kentavious Caldwell-Pope misses driving layup,Kentavious Caldwell-Pope,,,,,,,,
1 8:31 10 15 1,1 8:31 10 15,1,1900-01-01 00:08:31,1,0 days 00:03:29,10,15,25,Duncan Robinson makes 27-foot three point jumper (Victor Oladipo assists),Duncan Robinson,,,1,,,,3,Miami Heat
1 8:48 10 12 1,1 8:48 10 12,1,1900-01-01 00:08:48,1,0 days 00:03:12,10,12,22,Kentavious Caldwell-Pope makes 26-foot three point jumper (Dennis Schroder assists),Kentavious Caldwell-Pope,,,1,,,,3,Los Angeles Lakers
1 8:57 7 12 1,1 8:57 7 12,1,1900-01-01 00:08:57,1,0 days 00:03:03,7,12,19,Bam Adebayo makes 4-foot dunk,Bam Adebayo,1,,,,,,2,Miami Heat
1 8:57 7 10 1,1 8:57 7 10,1,1900-01-01 00:08:57,1,0 days 00:03:03,7,10,17,Bam Adebayo offensive rebound,,,,,,,,,
1 8:59 7 10 1,1 8:59 7 10,1,1900-01-01 00:08:59,1,0 days 00:03:01,7,10,17,Trevor Ariza misses driving dunk,Trevor Ariza,,,,,,,,
1 9:22 7 10 1,1 9:22 7 10,1,1900-01-01 00:09:22,1,0 days 00:02:38,7,10,17,Andre Drummond offensive goaltending turnover,,,,,,,,,
1 9:38 7 10 1,1 9:38 7 10,1,1900-01-01 00:09:38,1,0 days 00:02:22,7,10,17,Trevor Ariza makes free throw 2 of 2,Trevor Ariza,,,,,1,,1,
1 9:38 7 9 1,1 9:38 7 9,1,1900-01-01 00:09:38,1,0 days 00:02:22,7,9,16,Trevor Ariza makes free throw 1 of 2,Trevor Ariza,,,,,1,,1,
1 9:38 7 8 1,1 9:38 7 8,1,1900-01-01 00:09:38,1,0 days 00:02:22,7,8,15,Andre Drummond shooting foul,,,,,,,,,
1 9:48 7 8 1,1 9:48 7 8,1,1900-01-01 00:09:48,1,0 days 00:02:12,7,8,15,Andre Drummond makes dunk,Andre Drummond,1,,,,,,2,Los Angeles Lakers
1 10:06 5 8 1,1 10:06 5 8,1,1900-01-01 00:10:06,1,0 days 00:01:54,5,8,13,Victor Oladipo makes free throw 2 of 2,Victor Oladipo,,,,,1,,1,
1 10:06 5 7 1,1 10:06 5 7,1,1900-01-01 00:10:06,1,0 days 00:01:54,5,7,12,Victor Oladipo makes free throw 1 of 2,Victor Oladipo,,,,,1,,1,
1 10:06 5 6 1,1 10:06 5 6,1,1900-01-01 00:10:06,1,0 days 00:01:54,5,6,11,Wesley Matthews shooting foul,,,,,,,,,
1 10:15 5 6 1,1 10:15 5 6,1,1900-01-01 00:10:15,1,0 days 00:01:45,5,6,11,Wesley Matthews makes 26-foot three point jumper (Andre Drummond assists),Wesley Matthews,,,1,,,,3,Los Angeles Lakers
1 10:37 2 6 1,1 10:37 2 6,1,1900-01-01 00:10:37,1,0 days 00:01:23,2,6,8,Bam Adebayo makes jumper (Victor Oladipo assists),Bam Adebayo,1,,,,,,2,Miami Heat
1 10:58 2 4 1,1 10:58 2 4,1,1900-01-01 00:10:58,1,0 days 00:01:02,2,4,6,Andre Drummond out of bounds lost ball turnover,,,,,,,,,
1 11:12 2 4 1,1 11:12 2 4,1,1900-01-01 00:11:12,1,0 days 00:00:48,2,4,6,Trevor Ariza makes free throw 2 of 2,Trevor Ariza,,,,,1,,1,
1 11:12 2 3 1,1 11:12 2 3,1,1900-01-01 00:11:12,1,0 days 00:00:48,2,3,5,Trevor Ariza makes free throw 1 of 2,Trevor Ariza,,,,,1,,1,
1 11:12 2 2 1,1 11:12 2 2,1,1900-01-01 00:11:12,1,0 days 00:00:48,2,2,4,Markieff Morris shooting foul,,,,,,,,,
1 11:22 2 2 1,1 11:22 2 2,1,1900-01-01 00:11:22,1,0 days 00:00:38,2,2,4,Kentavious Caldwell-Pope makes 20-foot pullup jump shot (Dennis Schroder assists),Kentavious Caldwell-Pope,1,,,,,,2,Los Angeles Lakers
1 11:39 0 2 1,1 11:39 0 2,1,1900-01-01 00:11:39,1,0 days 00:00:21,0,2,2,Trevor Ariza makes 5-foot layup (Duncan Robinson assists),Trevor Ariza,1,,,,,,2,Miami Heat
1 12:00 0 0 1,1 12:00 0 0,1,1900-01-01 00:12:00,1,0 days 00:00:00,0,0,0,Andre Drummond vs. Bam Adebayo (Trevor Ariza gains possession),,,,,,,,,
